{"Dark Roast":[0.5683955001831056,0.13442603326117986,269.0489587346391,0.5235118946055971,0.13442603326117986,269.0489587346391,0.5675724983215332,0.12306608678840411,269.0489587346391,0.5226335589922042,0.12306608678840411,269.0489587346391],"Turkish Coffee":[0.5687444877624512,0.12799774874552564,271.9819546074673,0.5238843049138765,0.12799774874552564,271.9819546074673,0.5679274654388429,0.11718103758393193,271.9819546074673,0.5230124087114041,0.11718103758393193,271.9819546074673],"Black Currant":[0.5736689090728759,0.13961669254509254,286.4986333716597,0.529136647607393,0.13961669254509254,286.4986333716597,0.5724034214019775,0.12781809880888756,286.4986333716597,0.527787348602334,0.12781809880888756,286.4986333716597],"Espresso":[0.5611292743682879,0.0917408449711483,247.82531876576195,0.5157523697853451,0.0917408449711483,247.82531876576195,0.5611357975006106,0.08398809750879775,247.82531876576195,0.5157593406313661,0.08398809750879775,247.82531876576195],"Cold Brew":[0.5616962432861337,0.10355259879722907,249.94380757535623,0.516358219526148,0.10355259879722907,249.94380757535623,0.5616108989715578,0.09480167495520972,249.94380757535623,0.5162670268457606,0.09480167495520972,249.94380757535623],"Butterfly Pea":[0.573170976638794,0.142,283.50586898949064,0.528605775462426,0.142,283.50586898949064,0.5731639099121094,0.14193454147227022,283.50586898949064,0.5285982409000601,0.14193454147227022,283.50586898949064],"Rooibos":[0.581020864968151,0.14962065674824612,19.98114516124879,0.5369693512140121,0.14962065674824612,19.967967109943157,0.5816651821136476,0.15458500194395272,19.962717351483295,0.5376553063165904,0.15458500194395272,19.962717351483295],"Pu-erh":[0.5794277173615356,0.13537552104338157,17.573809363147312,0.5352729099649507,0.13522812952194307,17.56180300426076,0.5774583053588869,0.12002616081991645,17.544045214665267,0.533175137283905,0.12002616081991645,17.544045214665267],"Peppermint":[0.5415576108115496,0.12022480290830656,161.23940459140323,0.4947964166577604,0.10986655355406502,161.23940459056416,0.5498850250244143,0.10686312226678008,161.23940459032588,0.5037230135226521,0.10686312226678008,161.23940459032588],"Blueberry":[0.5642647266387941,0.142,254.9591495428258,0.5191020094314525,0.142,254.9591495428258,0.5651904678344728,0.16085421608945402,254.9591495428258,0.5200906032833992,0.16085421608945402,254.9591495428258],"Hibiscus":[0.5808762959460763,0.14733441197126557,18.403143906604562,0.5368154288273068,0.14733441197126557,18.394000759457818,0.5880105590820313,0.2016790085839071,18.381433484827724,0.5444065771314823,0.2016790085839071,18.381433484827724],"Cranberry":[0.5810305230979055,0.1420792348874958,6.293784942199162,0.5369796340664792,0.1420792348874958,6.293738912781198,0.5865260028839112,0.18344766443557559,6.293676226888641,0.5428277308971575,0.18344766443557559,6.293676226888641],"Rose Hip":[0.5813182295091044,0.14200014553256154,357.57736442917195,0.5372859422450234,0.14200014553256154,357.5773644217449,0.584179849624634,0.16338164400502636,357.5773644155033,0.5403317298408387,0.16338164400502636,357.5773644155033],"Taro Latte":[0.5751148700716662,0.115691385159611,309.42528214290087,0.5306779878018157,0.115691385159611,309.42528214290087,0.5739233112335207,0.10591464838555842,309.42528214290087,0.5294078604397363,0.10591464838555842,309.42528214290087],"Lavender Latte":[0.5711238002777592,0.08650737334700086,304.90365385548216,0.5264226587185061,0.08650737334700086,304.90365385548216,0.5703290653228761,0.07919689109232465,304.90365385548216,0.5255749265693224,0.07919689109232465,304.90365385548216],"Hojicha":[0.5674838766549395,0.05146799150073067,41.22250398208016,0.5225389707939269,0.048428824422751565,40.99701746012566,0.5671430587768556,0.046981917996209224,40.320623206115634,0.5221751922820708,0.046981917996209224,40.268401132724826],"Ube Latte":[0.573061170578003,0.142,283.08728178796775,0.5284886988452525,0.142,283.08728178796775,0.580444269180298,0.20219434977943537,283.08728178796775,0.5363554269946775,0.20219434977943537,283.08728178796775],"Chili Mocha":[0.5810569611405023,0.15018044826487068,20.334430329837026,0.5370077821265152,0.15018044826487068,20.318851892825116,0.5909193325042725,0.22487589971412345,20.297669503431663,0.5474989235091103,0.22007224668592457,20.297669503431663],"Turmeric Latte":[0.5843621052293522,0.19164565377312504,37.950215433592305,0.5405256628390389,0.17812463888670615,37.739892840307625,0.582883920669556,0.1821914824371564,40.238420652243995,0.5389525890157288,0.1686343473735111,40.19697536977922],"Matcha":[0.539770898787783,0.14587348216227153,150.83392680613534,0.492879112904988,0.13322915929660722,150.8339267302141,0.5432047939300539,0.14679954939269102,150.8339271471068,0.49656335051559086,0.13422243443946433,150.8339271471068],"Dragonfruit":[0.5813577358764106,0.1420000611953157,355.1850733962171,0.5373280016848528,0.1420000611953157,355.1850733957838,0.5908078956604005,0.21184360400063296,355.1850733980864,0.5473804823542446,0.21184360400063296,355.1850733980864],"Chai":[0.579062179502585,0.16400176472363048,45.602558703233754,0.5348836036585067,0.15221919943975107,45.3286092244881,0.5791429042816163,0.1648460095328201,43.2741197045607,0.5349695796236293,0.15927419378473678,42.771317876289885],"Sencha":[0.5397295883430016,0.17976634468495534,141.51995297272558,0.49283477442997836,0.16419108767485827,141.51993592688586,0.5466555309295654,0.17216128977092768,141.5204162389649,0.5002629794626738,0.1666594236017384,141.5204162389649],"Mint Julep":[0.5434493615287894,0.10158293262724985,176.10261043227865,0.4968256459830592,0.09288677393562579,176.10261041834156,0.5434499549865724,0.10158305810257377,176.10261127428532,0.4968262824421769,0.09288692645116667,176.10261127428532],"Blue Lagoon":[0.548393946065166,0.09571147965873571,212.2447070282409,0.5021257781063848,0.08765373344130081,212.2447070282409,0.5483939456939697,0.0957115218021701,212.2447070282409,0.5021257777087007,0.08765381900368474,212.2447070282409],"Earl Grey":[0.5624099826812747,0.07780973640012444,254.70720376372287,0.5171208101380602,0.07780973640012444,254.70720376372287,0.5623398590087891,0.07123426571842378,254.70720376372287,0.5170458915811065,0.07123426571842378,254.70720376372287],"Golden Milk":[0.5706240282861699,0.13217250816648196,61.37744053573823,0.5258895739054236,0.12217997366139813,61.0766128967786,0.5711629390716553,0.1324230987647501,61.27517564554721,0.5264644042546172,0.12247100779171918,60.93990460533713],"Strawberry Milk":[0.5775396546050866,0.11347895480913495,357.04365636169234,0.5332618034179323,0.11347895480913495,357.04365636169024,0.5762732696533204,0.10388911381738473,357.04365636175385,0.5319125040483469,0.10388911381738473,357.04365636175385],"Oat Milk":[0.5627991962432863,0.00010083137045043232,274.03060830225263,0.5175366187235209,0.00010083137045043232,274.03060830225263,0.5627991962432863,0.00009231040956729721,274.03060830225263,0.5175366187235209,0.00009231040956729721,274.03060830225263],"Chamomile":[0.5683009709951603,0.12439914137203806,68.49344505000256,0.5234110167649169,0.11460316303043233,68.48657879121535,0.5692652511596681,0.12461544545975733,68.48657970805442,0.5244399745626573,0.11482791774886159,68.48657970805442],"Honey Lemon":[0.5700574078508126,0.1281178861598007,64.88082296646279,0.5252851246874579,0.11823062682729596,64.72242061143038,0.570168161392212,0.12458765384358964,64.85970569529371,0.5254032773999946,0.11828113577459887,64.69716522368358],"dark-roast-secondary":[0.5656553056359308,0.08175362922688212,72.73287978338689,0.5205869350453297,0.07758386763362529,72.50172206846966,0.5664934635162355,0.09876113756017649,72.73671587764575,0.5214817692653598,0.09876113756017649,72.50583702869181],"turkish-coffee-secondary":[0.5691917293125499,0.10241989397013584,63.55816887863031,0.5243615279129921,0.09692228136703163,63.41497738033592,0.5689744281768798,0.10481061899595136,63.53501011964146,0.5241296647054906,0.10481061899595136,63.39155200924392],