{"Dark Roast":[0.5683955001831056,0.13442603326117986,269.0489587346391,0.5235118946055971,0.13442603326117986,269.0489587346391,0.58,0.0940982232828259,269.0489587346391,0.62,0.0940982232828259,269.0489587346391],"Turkish Coffee":[0.5687444877624512,0.12799774874552564,271.9819546074673,0.5238843049138765,0.12799774874552564,271.9819546074673,0.58,0.08959842412186794,271.9819546074673,0.62,0.08959842412186794,271.9819546074673],"Black Currant":[0.5736689090728759,0.13961669254509254,286.4986333716597,0.529136647607393,0.13961669254509254,286.4986333716597,0.58,0.09773168478156477,286.4986333716597,0.62,0.09773168478156477,286.4986333716597],"Espresso":[0.5611292743682879,0.0917408449711483,247.82531876576195,0.5157523697853451,0.0917408449711483,247.82531876576195,0.58,0.06421859147980381,247.82531876576195,0.62,0.06421859147980381,247.82531876576195],"Cold Brew":[0.5616962432861337,0.10355259879722907,249.94380757535623,0.516358219526148,0.10355259879722907,249.94380757535623,0.58,0.07248681915806035,249.94380757535623,0.62,0.07248681915806035,249.94380757535623],"Butterfly Pea":[0.573170976638794,0.142,283.50586898949064,0.528605775462426,0.142,283.50586898949064,0.58,0.09939999999999999,283.50586898949064,0.62,0.09939999999999999,283.50586898949064],"Rooibos":[0.581020864968151,0.14962065674824612,19.98114516124879,0.5369693512140121,0.14962065674824612,19.967967109943157,0.58,0.10473445972377228,19.962717351483295,0.62,0.10473445972377228,19.962717351483295],"Pu-erh":[0.5794277173615356,0.13537552104338157,17.573809363147312,0.5352729099649507,0.13522812952194307,17.56180300426076,0.58,0.09476416504910029,17.544045214665267,0.62,0.09485763161211704,17.544045214665267],"Peppermint":[0.5415576108115496,0.12022480290830656,161.23940459140323,0.4947964166577604,0.10986655355406502,161.23940459056416,0.58,0.09012006773535644,161.23940459032588,0.62,0.09609661491843378,161.23940459032588],"Blueberry":[0.5642647266387941,0.142,254.9591495428258,0.5191020094314525,0.142,254.9591495428258,0.58,0.09939999999999999,254.9591495428258,0.62,0.09939999999999999,254.9591495428258],"Hibiscus":[0.5808762959460763,0.14733441197126557,18.403143906604562,0.5368154288273068,0.14733441197126557,18.394000759457818,0.58,0.10313408837988589,18.381433484827724,0.62,0.10313408837988589,18.381433484827724],"Cranberry":[0.5810305230979055,0.1420792348874958,6.293784942199162,0.5369796340664792,0.1420792348874958,6.293738912781198,0.58,0.09945546442124706,6.293676226888641,0.62,0.09945546442124706,6.293676226888641],"Rose Hip":[0.5813182295091044,0.14200014553256154,357.57736442917195,0.5372859422450234,0.14200014553256154,357.5773644217449,0.58,0.09940010187279308,357.5773644155033,0.62,0.09940010187279308,357.5773644155033],"Taro Latte":[0.5751148700716662,0.115691385159611,309.42528214290087,0.5306779878018157,0.115691385159611,309.42528214290087,0.58,0.0809839696117277,309.42528214290087,0.62,0.0809839696117277,309.42528214290087],"Lavender Latte":[0.5711238002777592,0.08650737334700086,304.90365385548216,0.5264226587185061,0.08650737334700086,304.90365385548216,0.58,0.06055516134290059,304.90365385548216,0.62,0.06055516134290059,304.90365385548216],"Hojicha":[0.5674838766549395,0.05146799150073067,41.22250398208016,0.5225389707939269,0.048428824422751565,40.99701746012566,0.58,0.037096644949195325,40.453052464268445,0.62,0.038803386692115666,40.969498207324875],"Ube Latte":[0.573061170578003,0.142,283.08728178796775,0.5284886988452525,0.142,283.08728178796775,0.58,0.09939999999999999,283.08728178796775,0.62,0.09939999999999999,283.08728178796775],"Chili Mocha":[0.5810569611405023,0.15018044826487068,20.334430329837026,0.5370077821265152,0.15018044826487068,20.318851892825116,0.58,0.10512631378540947,20.297669503431663,0.62,0.10512631378540947,20.297669503431663],"Turmeric Latte":[0.5843621052293522,0.19164565377312504,37.950215433592305,0.5405256628390389,0.17812463888670615,37.739892840307625,0.582883920669556,0.1821914824371564,40.238420652243995,0.5389525890157288,0.1686343473735111,40.19697536977922],"Matcha":[0.539770898787783,0.14587348216227153,150.83392680613534,0.492879112904988,0.13322915929660722,150.8339267302141,0.58,0.1097073252424014,150.8339271471068,0.62,0.1172617531216092,150.8339271471068],"Dragonfruit":[0.5813577358764106,0.1420000611953157,355.1850733962171,0.5373280016848528,0.1420000611953157,355.1850733957838,0.58,0.09940004283672098,355.1850733980864,0.62,0.09940004283672098,355.1850733980864],"Chai":[0.579062179502585,0.16400176472363048,45.602558703233754,0.5348836036585067,0.15221919943975107,45.3286092244881,0.58,0.1196689671010678,43.30917393449191,0.62,0.12427386611589264,44.945127967599085],"Sencha":[0.5397295883430016,0.17976634468495534,141.51995297272558,0.49283477442997836,0.16419108767485827,141.51993592688586,0.58,0.13520425180119744,141.5204162389649,0.62,0.14451068546776233,141.5204162389649],"Mint Julep":[0.5434493615287894,0.10158293262724985,176.10261043227865,0.4968256459830592,0.09288677393562579,176.10261041834156,0.58,0.07588169904822713,176.10261127428532,0.62,0.08110692057352052,176.10261127428532],"Blue Lagoon":[0.548393946065166,0.09571147965873571,212.2447070282409,0.5021257781063848,0.08765373344130081,212.2447070282409,0.58,0.07085217370344034,212.2447070282409,0.62,0.07573096061900125,212.2447070282409],"Earl Grey":[0.5624099826812747,0.07780973640012444,254.70720376372287,0.5171208101380602,0.07780973640012444,254.70720376372287,0.58,0.054466815480087104,254.70720376372287,0.62,0.054466815480087104,254.70720376372287],"Golden Milk":[0.5706240282861699,0.13217250816648196,61.37744053573823,0.5258895739054236,0.12217997366139813,61.0766128967786,0.58,0.09362278301921015,61.85853937939159,0.62,0.09782203727012231,64.49907219261803],"Strawberry Milk":[0.5775396546050866,0.11347895480913495,357.04365636169234,0.5332618034179323,0.11347895480913495,357.04365636169024,0.58,0.07943526836639446,357.04365636175385,0.62,0.07943526836639446,357.04365636175385],"Oat Milk":[0.5627991962432863,0.00010083137045043232,274.03060830225263,0.5175366187235209,0.00010083137045043232,274.03060830225263,0.58,0.00007058195931530262,274.03060830225263,0.62,0.00007058195931530262,274.03060830225263],"Chamomile":[0.5683009709951603,0.12439914137203806,68.49344505000256,0.5234110167649169,0.11460316303043233,68.48657879121535,0.58,0.08887201845981006,68.48657970805442,0.62,0.09404416652360485,70.04929375209899],"Honey Lemon":[0.5700574078508126,0.1281178861598007,64.88082296646279,0.5252851246874579,0.11823062682729596,64.72242061143038,0.58,0.09098368127210917,65.2420646089816,0.62,0.09611154891531129,66.79765936166606],"dark-roast-secondary":[0.5656553056359308,0.08175362922688212,72.73287978338689,0.5205869350453297,0.07758386763362529,72.50172206846966,0.58,0.05805441056549455,73.32496035739764,0.62,0.06024583056324236,75.60599385212527],"turkish-coffee-secondary":[0.5691917293125499,0.10241989397013584,63.55816887863031,0.5243615279129921,0.09692228136703163,63.41497738033592,0.58,0.07249297711866975,63.893943732868074,0.62,0.07535321121255872,65.31655499506658],"black-currant-secondary":[0.5813577358764106,0.1420000611953157,355.1850733962171,0.5373280016848528,0.1420000611953157,355.1850733957838,0.58,0.09940004283672098,355.1850733980864,0.62,0.09940004283672098,355.1850733980864],"espresso-secondary":[0.5664184310867912,0.09423237657716813,73.26399832755916,0.5214016689437092,0.08931688287387365,73.07421169594379,0.58,0.06747086571735657,71.37176230341163,0.62,0.07010940700134598,73.25111575041001],"cold-brew-secondary":[0.5562641048432488,0.12123247218820175,236.83177380660265,0.5105508016493074,0.11129145908323967,236.83177380660265,0.58,0.08847687717680516,236.83177380660265,0.62,0.0892577943495834,236.83177380660265],