{"Dark Roast":[0.5683960005466226,0.13442603326117986,269.0489587346391,0.5235124285691338,0.13442603326117986,269.0489587346391,0.5640099418163299,0.05408320388220186,269.0489587346391,0.5188298953882025,0.047598367324098945,269.0489587346391],"Turkish Coffee":[0.5687445384262946,0.12799774874552564,271.9819546074673,0.523884358976311,0.12799774874552564,271.9819546074673,0.5642548990249634,0.051491233028883344,271.9819546074673,0.5190915136377635,0.045231745159253475,271.9819546074673],"Black Currant":[0.5736692797723296,0.13961669254509254,286.4986333716597,0.5291370428115784,0.13961669254509254,286.4986333716597,0.5663121891021727,0.058545463961081505,286.4986333716597,0.5212882491372988,0.050803982140496376,286.4986333716597],"Espresso":[0.5611294333082466,0.0917408449711483,247.82531876576195,0.5157525396342166,0.0917408449711483,247.82531876576195,0.5617063176631928,0.03754633078357347,247.82531876576195,0.5163689841676556,0.03362869420088828,247.82531876576195],"Cold Brew":[0.5616966692911456,0.10355259879722907,249.94380757535623,0.5163586747201013,0.10355259879722907,249.94380757535623,0.5618092823028564,0.04224707518589871,249.94380757535623,0.5164790024137457,0.03780666175298393,249.94380757535623],"Butterfly Pea":[0.5731711923766325,0.142,283.50586898949064,0.5286060054825158,0.142,283.50586898949064,0.5663804066181181,0.06463464533667762,283.50586898949064,0.5213610757643643,0.05607321853749454,283.50586898949064],"Rooibos":[0.5810244878751806,0.14962065674824612,19.98114857343281,0.5369732084658292,0.14962065674824612,19.967967436711792,0.5746145236492158,0.09883805118652225,19.962717351483295,0.5301446835430171,0.08593313950113955,19.962717351483295],"Pu-erh":[0.579414026441508,0.13537547553429452,17.573796266666236,0.5352583292782809,0.13522807987566626,17.561801749713347,0.5721081244945526,0.0773013453405459,17.544045214665267,0.52747244921156,0.06760595054365698,17.544045214665267],"Peppermint":[0.5481326978457708,0.12168156713363776,161.2394045915212,0.5018458801929777,0.11142792336533214,161.23940459069067,0.554378229379654,0.06894334997513699,161.23940459032588,0.5085331834213864,0.06436664382927121,161.23940459032588],"Blueberry":[0.5642651692515013,0.142,254.9591495428258,0.51910248213695,0.142,254.9591495428258,0.5623788297176363,0.07091417777497253,254.9591495428258,0.5170875271366214,0.06324428240768612,254.9591495428258],"Hibiscus":[0.5808786661905638,0.14733441197126557,18.403145470074524,0.5368179524545226,0.14733441197126557,18.39400090918778,0.5775169098377225,0.12101032956619005,18.381433484827724,0.533237572208813,0.10291472435928879,18.381433484827724],"Cranberry":[0.5810305537088345,0.1420792348874958,6.293784942299801,0.5369796666574055,0.1420792348874958,6.293738912790836,0.5767015290260313,0.10902311374390217,6.293676226888641,0.5323688377091096,0.09256318998523057,6.293676226888641],"Rose Hip":[0.5813183778114299,0.14200014553256154,357.57736442917206,0.537286100131841,0.14200014553256154,357.5773644217449,0.5756341814994812,0.09908702572143219,357.5773644155033,0.5312314546667165,0.08441503210924567,357.5773644155033],"Taro Latte":[0.5751152017586278,0.115691385159611,309.42528214290087,0.5306783413208062,0.115691385159611,309.42528214290087,0.5681713354587555,0.054903559102547864,309.42528214290087,0.5232726718855831,0.04759642495773732,309.42528214290087],"Lavender Latte":[0.5711242221419843,0.08650737334700086,304.90365385548216,0.5264231086815717,0.08650737334700086,304.90365385548216,0.5662529838085174,0.038864095794285874,304.90365385548216,0.5212250428775661,0.03397208764217796,304.90365385548216],"Hojicha":[0.5675629065279508,0.051473310794756505,41.22290047131191,0.5226233214991294,0.048434606264084,40.997440643727366,0.5673519241809847,0.04865139945169556,40.32086576564344,0.5223981315672631,0.04481370928697288,40.26866003652926],"Ube Latte":[0.573061548824001,0.142,283.08728178796775,0.5284891021400132,0.142,283.08728178796775,0.5681252229213715,0.08888075311403021,283.08728178796775,0.5232234605409224,0.07615921474061904,283.08728178796775],"Chili Mocha":[0.5810617689669071,0.15018044826487068,20.33443567037252,0.5370129009097461,0.15018044826487068,20.318852404259452,0.5788426828384399,0.13277267689538647,20.297669503431663,0.5346498223150543,0.11140941460616885,20.297669503431663],"Turmeric Latte":[0.5837827107256179,0.19148608849422277,37.94305278952208,0.5399091240884762,0.17792487621657146,37.73920727869038,0.5770305001735687,0.13893487881780392,40.22294551618557,0.532719350244121,0.1240099957678467,40.195493105534325],"Matcha":[0.5466790452435182,0.14773656785672773,150.83392681732013,0.5002881806861195,0.13522653318317604,150.8339267422099,0.5503624081611636,0.11216700819067892,150.8339271471068,0.5042342807916527,0.10566308056004346,150.8339271471068],"Dragonfruit":[0.5813581577212178,0.1420000611953157,355.1850733962171,0.5373284507895005,0.1420000611953157,355.1850733957838,0.5791217863559722,0.12523107709762726,355.1850733980864,0.5349470880872363,0.1043235321994871,355.1850733980864],"Chai":[0.5788967007218041,0.16396495340994677,45.5988492213453,0.5347073564988849,0.15217011768817276,45.32825385495929,0.575582311153412,0.13047417664203478,43.12849553735221,0.5311761751360532,0.11742324563674629,42.75736295548285],"Sencha":[0.5458696496287163,0.1818060531042181,141.5199552045822,0.49942064863099833,0.16637778480878185,141.51993832079143,0.548898823261261,0.1451703330036253,141.5204162389649,0.5026666543551366,0.13692486830987033,141.5204162389649],"Mint Julep":[0.5498430621758965,0.10277570111106546,176.1026104341899,0.5036780698167418,0.09416474016040165,176.10261042038994,0.5533499848842621,0.07476458705040726,176.10261127428532,0.5074327878320354,0.07007920402102173,176.10261127428532],"Blue Lagoon":[0.5537725701089633,0.09664850276589351,212.2447070282409,0.5078850529942579,0.08865655071411427,212.2447070282409,0.5559801518917084,0.07165616851938052,212.2447070282409,0.5102470608622217,0.06646651434712113,212.2447070282409],"Earl Grey":[0.562410052315812,0.07780973640012444,254.70720376372287,0.5171208845335316,0.07780973640012444,254.70720376372287,0.5623324418067932,0.03115453726282929,254.70720376372287,0.5170379671496825,0.027756219683215014,254.70720376372287],"Golden Milk":[0.5720638724737366,0.13238979129337636,61.47177406610244,0.5274252581563565,0.12252527957991612,61.08566271045971,0.5721107029914856,0.13256494489705073,61.337740688784805,0.5274751989495569,0.12269821165563793,60.94590640712419],"Strawberry Milk":[0.5775399540150847,0.11347895480913495,357.04365636169234,0.5332621223946455,0.11347895480913495,357.04365636169024,0.570882637500763,0.06272950545881652,357.04365636175385,0.5261654271824889,0.05455704280175268,357.04365636175385],"Oat Milk":[0.5627994881479139,0.00010083137045043232,274.03060830225263,0.5175369305623156,0.00010083137045043232,274.03060830225263,0.5627979731559751,0.00003166382210731827,274.03060830225263,0.5175353121113854,0.000027549220249056816,274.03060830225263],"Chamomile":[0.6641784006445959,0.14098995257018052,73.7737703870737,0.6249205519868812,0.1342060714670256,71.57625607989006,0.5697693276405333,0.12472547574822002,68.48657970805442,0.5249777870877819,0.1149452209338842,68.48657970805442],"Honey Lemon":[0.5709021781233344,0.1282738710248003,64.91362539614971,0.526186270233578,0.1184297196525251,64.72556799336972,0.5709103500843048,0.12830115937752,64.88856931616675,0.5261949868524955,0.11845626829675673,64.69993464751815],"dark-roast-secondary":[0.6558285359286526,0.08889529680786804,77.64935727218408,0.6161369940326585,0.0857620737696135,75.3860298312953,0.5684957003593445,0.12134087994465889,72.7469859673494,0.5236188223422178,0.11192207335122835,72.51679863239836],"turkish-coffee-secondary":[0.5691343576308998,0.10241281573265537,63.55798562857123,0.5243003124830519,0.09691465864974497,63.41478185301599,0.5713412594795226,0.12977534236654,63.58599318834593,0.5266545974035788,0.11983985899483786,63.39962925273255],