{
 "wcag": {
  "red": {
   "L": {
    "hex": "#d63e1e",
    "w": true,
    "oklch": {
     "stop": 9,
     "L": 0.5848796999809508,
     "C": 0.19357849960936271,
     "H": 33.321707822342205,
     "r": 0.7741717312270131,
     "g": 0.29112743316720446,
     "b": 0.1790272229239749
    }
   },
   "D": {
    "hex": "#d63e1e",
    "w": true,
    "oklch": {
     "stop": 9,
     "L": 0.5848794364929198,
     "C": 0.19357849960936271,
     "H": 33.321707822342205,
     "r": 0.774171377689649,
     "g": 0.29112709164347705,
     "b": 0.17902689125788468
    }
   }
  },
  "seeds": {
   "#d95f3b": {
    "fired": "rung-1",
    "ctaL": {
     "hex": "#582100",
     "w": true,
     "oklch": {
      "stop": 9,
      "L": 0.325,
      "C": 0.10324974917232832,
      "H": 46.53033869659456,
      "r": 0.33177463849807864,
      "g": 0.12995125108135655,
      "b": -0.001291785270185415
     }
    },
    "ctaD": {
     "hex": "#e18251",
     "w": false,
     "oklch": {
      "stop": 9,
      "L": 0.7,
      "C": 0.1343083408537541,
      "H": 46.53033869659456,
      "r": 0.8331596437242191,
      "g": 0.5265281538511637,
      "b": 0.35567245019527416
     }
    }
   },
   "#e1642d": {
    "fired": "component-rule",
    "ctaL": {
     "hex": "#c94e0d",
     "w": true,
     "oklch": {
      "stop": 9,
      "L": 0.5803225161655667,
      "C": 0.16984085674426944,
      "H": 41.96615799155484,
      "r": 0.7303799823627676,
      "g": 0.3362580310101894,
      "b": 0.14784428633380292
     }
    },
    "ctaD": {
     "hex": "#e48148",
     "w": false,
     "oklch": {
      "stop": 9,
      "L": 0.7,
      "C": 0.14142873919907062,
      "H": 48.89241347099715,
      "r": 0.840086830866072,
      "g": 0.5237516998262102,
      "b": 0.3268466006979774
     }
    }
   },
   "#cc7552": {
    "fired": "component-rule",
    "ctaL": {
     "hex": "#b25e3b",
     "w": true,
     "oklch": {
      "stop": 9,
      "L": 0.5745496510171191,
      "C": 0.11996640562150483,
      "H": 42.26278595216979,
      "r": 0.6560688597395831,
      "g": 0.3854035369726675,
      "b": 0.2623344042381836
     }
    },
    "ctaD": {
     "hex": "#d18b66",
     "w": false,
     "oklch": {
      "stop": 9,
      "L": 0.7,
      "C": 0.09991076255615539,
      "H": 48.97607080144079,
      "r": 0.7802055905161778,
      "g": 0.5583945217147465,
      "b": 0.4230858833275914
     }
    }
   },
   "#e0661f": {
    "fired": "component-rule",
    "ctaL": {
     "hex": "#c45200",
     "w": true,
     "oklch": {
      "stop": 9,
      "L": 0.578857239545692,
      "C": 0.17062690262429484,
      "H": 45.67139496590846,
      "r": 0.7251299063389648,
      "g": 0.3406617239356902,
      "b": 0.10233465507135694
     }
    },
    "ctaD": {
     "hex": "#e38145",
     "w": false,
     "oklch": {
      "stop": 9,
      "L": 0.7,
      "C": 0.1422875464062779,
      "H": 49.80598975881805,
      "r": 0.8399379481941416,
      "g": 0.5244983690006992,
      "b": 0.32001013160882946
     }
    }
   },
   "#de6907": {
    "fired": "component-rule",
    "ctaL": {
     "hex": "#be5800",
     "w": true,
     "oklch": {
      "stop": 9,
      "L": 0.5767100965596379,
      "C": 0.17024911941157272,
      "H": 49.92302383620006,
      "r": 0.7157349049423876,
      "g": 0.34743617132345855,
      "b": 0.030414926316427355
     }
    },
    "ctaD": {
     "hex": "#e38242",
     "w": false,
     "oklch": {
      "stop": 9,
      "L": 0.7,
      "C": 0.14237379595356048,
      "H": 51.602149394118676,
      "r": 0.8372399995985094,
      "g": 0.5274929309471019,
      "b": 0.3107589006167463
     }
    }
   },
   "#db6c00": {
    "fired": "component-rule",
    "ctaL": {
     "hex": "#ba5b00",
     "w": true,
     "oklch": {
      "stop": 9,
      "L": 0.5755484766515464,
      "C": 0.16623852127533728,
      "H": 52.492392233421526,
      "r": 0.7049942394087119,
      "g": 0.3561029033359471,
      "b": 0.011199196705518734
     }
    },
    "ctaD": {
     "hex": "#e08342",
     "w": false,
     "oklch": {
      "stop": 9,
      "L": 0.7,
      "C": 0.13940546463032416,
      "H": 53.36915520132641,
      "r": 0.8302107069421213,
      "g": 0.5330956181443619,
      "b": 0.3104444115128393
     }
    }
   },
   "#d77000": {
    "fired": "component-rule",
    "ctaL": {
     "hex": "#b65e00",
     "w": true,
     "oklch": {
      "stop": 9,
      "L": 0.5742698382610274,
      "C": 0.16020329157990365,
      "H": 55.55898646450487,
      "r": 0.6904366766609279,
      "g": 0.36743259095171726,
      "b": 0.008460063971579243
     }
    },
    "ctaD": {
     "hex": "#dd8642",
     "w": false,
     "oklch": {
      "stop": 9,
      "L": 0.7,
      "C": 0.13488424985668906,
      "H": 55.942205151738264,
      "r": 0.8195285783381817,
      "g": 0.54121021146451,
      "b": 0.3118425825263569
     }
    }
   }
  }
 },
 "apca": {
  "red": {
   "L": {
    "hex": "#d94121",
    "w": true,
    "oklch": {
     "stop": 9,
     "L": 0.5927656886334368,
     "C": 0.19357849960936271,
     "H": 33.321707822342205,
     "r": 0.78476075797001,
     "g": 0.30132664556415234,
     "b": 0.18890608370902806
    }
   },
   "D": {
    "hex": "#d94121",
    "w": true,
    "oklch": {
     "stop": 9,
     "L": 0.5927659797668459,
     "C": 0.19357849960936271,
     "H": 33.321707822342205,
     "r": 0.7847611491864939,
     "g": 0.30132702131275907,
     "b": 0.18890644676020688
    }
   }
  },
  "seeds": {
   "#d95f3b": {
    "fired": "rung-1+component-rule",
    "ctaL": {
     "hex": "#582100",
     "w": true,
     "oklch": {
      "stop": 9,
      "L": 0.325,
      "C": 0.10324974917232832,
      "H": 46.53033869659456,
      "r": 0.33177463849807864,
      "g": 0.12995125108135655,
      "b": -0.001291785270185415
     }
    },
    "ctaD": {
     "hex": "#bb5f2d",
     "w": true,
     "oklch": {
      "stop": 9,
      "L": 0.587193965911865,
      "C": 0.1343083408537541,
      "H": 46.53033869659456,
      "r": 0.6873249964949127,
      "g": 0.39187370400707955,
      "b": 0.22352351876518822
     }
    }
   },
   "#e1642d": {
    "fired": "component-rule",
    "ctaL": {
     "hex": "#cc5113",
     "w": true,
     "oklch": {
      "stop": 9,
      "L": 0.5901103929462832,
      "C": 0.16984085674426944,
      "H": 41.96615799155484,
      "r": 0.7432217677373388,
      "g": 0.34819584092474454,
      "b": 0.1610752047366047
     }
    },
    "ctaD": {
     "hex": "#bd5e21",
     "w": true,
     "oklch": {
      "stop": 9,
      "L": 0.5872150421142577,
      "C": 0.14142873919907062,
      "H": 48.89241347099715,
      "r": 0.6938505764022028,
      "g": 0.3886140601951141,
      "b": 0.19083982648631956
     }
    }
   },
   "#cc7552": {
    "fired": "component-rule",
    "ctaL": {
     "hex": "#b6623f",
     "w": true,
     "oklch": {
      "stop": 9,
      "L": 0.586897870889033,
      "C": 0.11996640562150483,
      "H": 42.26278595216979,
      "r": 0.6716577463821707,
      "g": 0.39975155566213333,
      "b": 0.2762092903890364
     }
    },
    "ctaD": {
     "hex": "#ab6944",
     "w": true,
     "oklch": {
      "stop": 9,
      "L": 0.5845247268676758,
      "C": 0.09991076255615539,
      "H": 48.97607080144079,
      "r": 0.6346586242178364,
      "g": 0.42213958389101985,
      "b": 0.291472266924745
     }
    }
   },
   "#e0661f": {
    "fired": "component-rule",
    "ctaL": {
     "hex": "#c95400",
     "w": true,
     "oklch": {
      "stop": 9,
      "L": 0.5894294616993281,
      "C": 0.17062690262429484,
      "H": 45.67139496590846,
      "r": 0.738962233985294,
      "g": 0.3535347351801263,
      "b": 0.11950386638934662
     }
    },
    "ctaD": {
     "hex": "#bd5e1d",
     "w": true,
     "oklch": {
      "stop": 9,
      "L": 0.5870960235595701,
      "C": 0.1422875464062779,
      "H": 49.80598975881805,
      "r": 0.6935793564775607,
      "g": 0.3891554361432131,
      "b": 0.1825828291001115
     }
    }
   },
   "#de6907": {
    "fired": "component-rule",
    "ctaL": {
     "hex": "#c35a00",