{
 "0|0.04": {
  "whiteTopL": 0.6873977641947566,
  "blackBotL": 0.754326691944152,
  "width": 0.0669289277493954
 },
 "0|0.08": {
  "whiteTopL": 0.6921229206770657,
  "blackBotL": 0.7591318205557764,
  "width": 0.06700889987871073
 },
 "0|0.12": {
  "whiteTopL": 0.6965878264978529,
  "blackBotL": 0.7637391999550163,
  "width": 0.06715137345716338
 },
 "0|0.16": {
  "whiteTopL": 0.7007408592477442,
  "blackBotL": 0.7681171816959975,
  "width": 0.06737632244825331
 },
 "0|0.2": {
  "whiteTopL": 0.7044841199181975,
  "blackBotL": 0.7713397311046719,
  "width": 0.06685561118647443
 },
 "4|0.04": {
  "whiteTopL": 0.6873465137183667,
  "blackBotL": 0.7542762521654366,
  "width": 0.06692973844706984
 },
 "4|0.08": {
  "whiteTopL": 0.6920151436515154,
  "blackBotL": 0.7590271417610348,
  "width": 0.06701199810951941
 },
 "4|0.12": {
  "whiteTopL": 0.696418149508536,
  "blackBotL": 0.7635765867866573,
  "width": 0.06715843727812132
 },
 "4|0.16": {
  "whiteTopL": 0.7005021516419945,
  "blackBotL": 0.7678919893503189,
  "width": 0.06738983770832441
 },
 "4|0.2": {
  "whiteTopL": 0.7041648844629528,
  "blackBotL": 0.7705862224847077,
  "width": 0.06642133802175487
 },
 "8|0.04": {
  "whiteTopL": 0.6872738342359663,
  "blackBotL": 0.754204033240676,
  "width": 0.06693019900470965
 },
 "8|0.08": {
  "whiteTopL": 0.6918704951368275,
  "blackBotL": 0.7588842308707535,
  "width": 0.067013735733926
 },
 "8|0.12": {
  "whiteTopL": 0.6962020687945187,
  "blackBotL": 0.7633645217865704,
  "width": 0.0671624529920517
 },
 "8|0.16": {
  "whiteTopL": 0.700213666036725,
  "blackBotL": 0.76761146761477,
  "width": 0.06739780157804498
 },
 "8|0.2": {
  "whiteTopL": 0.7037994414195419,
  "blackBotL": 0.7698904448375103,
  "width": 0.06609100341796847
 },
 "12|0.04": {
  "whiteTopL": 0.6871800613589585,
  "blackBotL": 0.7541103656962513,
  "width": 0.06693030433729286
 },
 "12|0.08": {
  "whiteTopL": 0.6916895410232247,
  "blackBotL": 0.758703639972955,
  "width": 0.06701409894973032
 },
 "12|0.12": {
  "whiteTopL": 0.6959402134455741,
  "blackBotL": 0.7631036122515797,
  "width": 0.06716339880600564
 },
 "12|0.16": {
  "whiteTopL": 0.6998759349063037,
  "blackBotL": 0.7672760995663701,
  "width": 0.06740016466006638
 },
 "12|0.2": {
  "whiteTopL": 0.7033882135711611,
  "blackBotL": 0.7692411253973839,
  "width": 0.06585291182622277
 },
 "16|0.04": {
  "whiteTopL": 0.6870655909925699,
  "blackBotL": 0.7539956439845261,
  "width": 0.0669300529919562
 },
 "16|0.08": {
  "whiteTopL": 0.6914728588238359,
  "blackBotL": 0.758485958930105,
  "width": 0.06701310010626904
 },
 "16|0.12": {
  "whiteTopL": 0.6956330687180159,
  "blackBotL": 0.7627943833917378,
  "width": 0.06716131467372188
 },
 "16|0.16": {
  "whiteTopL": 0.6994890505075455,
  "blackBotL": 0.7668860479258,
  "width": 0.06739699741825445
 },
 "16|0.2": {
  "whiteTopL": 0.7029306553676726,
  "blackBotL": 0.7686290057934819,
  "width": 0.0656983504258093
 },
 "20|0.04": {
  "whiteTopL": 0.6869308778829872,
  "blackBotL": 0.7538603315688668,
  "width": 0.06692945368587955
 },
 "20|0.08": {
  "whiteTopL": 0.6912210434861483,
  "blackBotL": 0.7582318190112709,
  "width": 0.06701077552512258
 },
 "20|0.12": {
  "whiteTopL": 0.6952809920161961,
  "blackBotL": 0.7624372906796633,
  "width": 0.06715629866346717
 },
 "20|0.16": {
  "whiteTopL": 0.6990526844933631,
  "blackBotL": 0.7664411870203913,
  "width": 0.06738850252702822
 },
 "20|0.2": {
  "whiteTopL": 0.7024252245947717,
  "blackBotL": 0.7680462173186242,
  "width": 0.06562099272385247
 },
 "24|0.04": {
  "whiteTopL": 0.686776436343789,
  "blackBotL": 0.753704955112189,
  "width": 0.0669285187684
 },
 "24|0.08": {
  "whiteTopL": 0.6909347197413445,
  "blackBotL": 0.7579419037885964,
  "width": 0.06700718404725192
 },
 "24|0.12": {
  "whiteTopL": 0.6948842383176089,
  "blackBotL": 0.7620327430963514,
  "width": 0.06714850477874246
 },
 "24|0.16": {
  "whiteTopL": 0.6985661227814854,
  "blackBotL": 0.7659411441907287,
  "width": 0.06737502140924323
 },
 "24|0.2": {
  "whiteTopL": 0.7018693642131981,
  "blackBotL": 0.7674858160130678,
  "width": 0.06561645179986964
 },
 "28|0.04": {
  "whiteTopL": 0.6866028409823774,
  "blackBotL": 0.7535301095619797,
  "width": 0.0669272685796023
 },
 "28|0.08": {
  "whiteTopL": 0.6906145457364619,
  "blackBotL": 0.7576169527694581,
  "width": 0.0670024070329962
 },
 "28|0.12": {
  "whiteTopL": 0.6944429928623139,
  "blackBotL": 0.761581132188439,
  "width": 0.06713813932612511
 },
 "28|0.16": {
  "whiteTopL": 0.6980283214896917,
  "blackBotL": 0.7653853520937264,
  "width": 0.06735703060403464
 },
 "28|0.2": {
  "whiteTopL": 0.7012594929151237,
  "blackBotL": 0.7669416969455776,
  "width": 0.06568220403045388
 },
 "32|0.04": {
  "whiteTopL": 0.6864107288792731,
  "blackBotL": 0.7533364552445709,
  "width": 0.06692572636529781
 },
 "32|0.08": {
  "whiteTopL": 0.6902612319216133,
  "blackBotL": 0.7572577773779628,
  "width": 0.06699654545634959
 },
 "32|0.12": {
  "whiteTopL": 0.6939574052952229,
  "blackBotL": 0.7610828654840587,
  "width": 0.0671254601888358
 },
 "32|0.16": {
  "whiteTopL": 0.6974379723146558,
  "blackBotL": 0.7647731184400617,
  "width": 0.06733514612540592
 },
 "32|0.2": {
  "whiteTopL": 0.7005909688025712,
  "blackBotL": 0.766407809667289,
  "width": 0.06581684086471784
 },
 "36|0.04": {
  "whiteTopL": 0.6862007966823875,
  "blackBotL": 0.753124720044434,
  "width": 0.06692392336204644
 },
 "36|0.08": {
  "whiteTopL": 0.6898755519464612,
  "blackBotL": 0.756865268219262,
  "width": 0.06698971627280081
 },
 "36|0.12": {
  "whiteTopL": 0.6934276376105846,
  "blackBotL": 0.7605384035408498,
  "width": 0.06711076593026521
 },
 "36|0.16": {
  "whiteTopL": 0.6967935889773071,
  "blackBotL": 0.7641037015430627,
  "width": 0.06731011256575559
 },
 "36|0.2": {
  "whiteTopL": 0.6998579499125479,
  "blackBotL": 0.7658785003609956,
  "width": 0.06602055044844768
 },
 "40|0.04": {
  "whiteTopL": 0.685973805692047,
  "blackBotL": 0.7528956979513168,
  "width": 0.06692189225926981
 },
 "40|0.08": {
  "whiteTopL": 0.6894583571888506,
  "blackBotL": 0.7564404110610483,
  "width": 0.06698205387219769
 },
 "40|0.12": {
  "whiteTopL": 0.6928539113700389,
  "blackBotL": 0.7599482991732656,
  "width": 0.06709438780322663
 },
 "40|0.16": {
  "whiteTopL": 0.696093598753214,
  "blackBotL": 0.7633763974905012,
  "width": 0.06728279873728726
 },
 "40|0.2": {
  "whiteTopL": 0.699052975792438,
  "blackBotL": 0.7653470059484243,
  "width": 0.06629403015598634
 },
 "44|0.04": {
  "whiteTopL": 0.6857305818609891,
  "blackBotL": 0.7526502526924013,
  "width": 0.06691967083141215
 },
 "44|0.08": {
  "whiteTopL": 0.68901059564203,
  "blackBotL": 0.7559842984564602,
  "width": 0.06697370281443016
 },
 "44|0.12": {
  "whiteTopL": 0.6922365614585579,
  "blackBotL": 0.7593132417649029,
  "width": 0.06707668030634495
 },
 "44|0.16": {
  "whiteTopL": 0.6953364499844608,
  "blackBotL": 0.7625906396657228,
  "width": 0.06725418968126207
 },
 "44|0.2": {
  "whiteTopL": 0.6981656577438117,
  "blackBotL": 0.7648054025135933,
  "width": 0.06663974476978163
 },
 "48|0.04": {
  "whiteTopL": 0.6854720150679351,
  "blackBotL": 0.7523893162794411,
  "width": 0.06691730121150596
 },
 "48|0.08": {
  "whiteTopL": 0.6885333257168531,
  "blackBotL": 0.7554981413669881,
  "width": 0.06696481565013501
 },
 "48|0.12": {
  "whiteTopL": 0.6915760869346561,
  "blackBotL": 0.7586340957693756,
  "width": 0.06705800883471946
 },
 "48|0.16": {
  "whiteTopL": 0.6945207239501177,
  "blackBotL": 0.7617460953630504,
  "width": 0.06722537141293272
 },
 "48|0.2": {
  "whiteTopL": 0.6971779853478075,
  "blackBotL": 0.764241784568876,
  "width": 0.06706379922106853
 },
 "52|0.04": {
  "whiteTopL": 0.6851990620233119,
  "blackBotL": 0.7521138890087604,
  "width": 0.06691482698544848
 },
 "52|0.08": {
  "whiteTopL": 0.688027732949704,
  "blackBotL": 0.7549832858704029,
  "width": 0.06695555292069888
 },
 "52|0.12": {
  "whiteTopL": 0.6908732076920567,
  "blackBotL": 0.7579119472019373,